patient_id,patient_name,wants_insulin,wants_pump,pharmacy_travel_time,pharmacy_queue_time,pharmacy_handover_time,pharmacy_order_wait_days,pharmacy_return_travel_time,pharmacy_total_time_minutes,pharmacy_total_time_days,pharmacy_items_received,1177_ordering_time,1177_delivery_wait_days,1177_pickup_travel_time,1177_total_time_minutes,1177_total_time_days,total_time_minutes,total_time_days
1,Anna,True,False,22.788535969157675,4.053071939367728,4.397675301373297,0,0,31.2392832098987,0.021693946673540764,insulin,14.748266566692848,4.724707403016083,10.50021510445334,6828.827142014306,4.742241070843268,6860.066425224205,4.763935017516809
2,Björn,True,False,15.500586367382386,4.440881244081393,5.618860913355653,2.1785313677518174,15.500586367382386,3178.1460844548187,2.207045891982513,insulin,5.097481395170915,6.02909625916404,14.464214762976455,8701.460309354365,6.042680770384975,11879.606393809183,8.249726662367488
3,Cecilia,False,True,24.72942428328025,5.396278789976454,4.680501033035984,0,0,34.80620410629268,0.02417097507381436,pump,7.332192497176724,6.786065361033906,23.533989748458225,9802.80030213446,6.807500209815597,9837.606506240752,6.831671184889411
4,David,False,True,27.843591354096908,4.673189090225254,4.193432753666928,1.1854916867602958,27.843591354096908,1771.661833486912,1.2303207176992443,pump,17.712415495211896,5.018630156834456,11.738776652588323,7256.2786179894165,5.039082373603762,9027.940451476328,6.269403091303006
5,Eva,True,True,18.43843639370541,5.61425654654876,5.4594635733876355,0,0,29.512156513641806,0.020494553134473476,"insulin, pump",13.04342137182051,6.865578819896853,10.595944388761406,9910.07286641205,6.88199504611948,9939.585022925692,6.902489599253953
6,Fredrik,True,True,14.372759496072067,4.757068754416707,5.65880932850599,2.104081262546454,14.372759496072067,3069.0384151419603,2.131276677181917,"insulin, pump",14.27779628546369,6.308534501553886,20.10710576206725,9118.674584285127,6.332412905753561,12187.712999427087,8.463689582935476
