patient_id,patient_name,wants_insulin,wants_pump,pharmacy_travel_time,pharmacy_queue_time,pharmacy_handover_time,pharmacy_order_wait_days,pharmacy_return_travel_time,pharmacy_total_time_minutes,pharmacy_total_time_days,pharmacy_items_received,1177_ordering_time,1177_delivery_wait_days,1177_pickup_travel_time,1177_total_time_minutes,1177_total_time_days,total_time_minutes,total_time_days
1,Anna,True,False,21.238175138979603,4.437319884056994,4.462812068614491,0,0,30.138307091651086,0.0209293799247577,insulin,10.416589069321784,6.324157816908229,25.51812776192081,9142.721973179092,6.34911248137437,9172.860280270743,6.370041861299127
2,Björn,True,False,19.57175345190068,4.471929315117895,4.562167805587445,1.2388407437674873,19.57175345190068,1832.1082750496885,1.2722974132289504,insulin,19.11309819758049,6.01964938394558,29.168711518053666,8716.576922597269,6.053178418470326,10548.685197646957,7.325475831699276
3,Cecilia,False,True,27.915425579860834,5.75938227280894,4.298545264275751,0,0,37.973353116945525,0.02637038410898995,pump,14.764310450078371,2.2803599114580306,20.853218612570636,3319.3358015622134,2.305094306640426,3357.309154679159,2.331464690749416
4,David,False,True,14.002674254970046,5.816784441640088,4.610893188161787,1.3202633218248967,14.002674254970046,1939.6122095675933,1.3469529233108286,pump,16.14614085034834,6.144340242993461,11.001585044524603,8874.997675805456,6.1631928304204555,10814.60988537305,7.510145753731284
5,Eva,True,True,12.084553335696375,4.561854906479468,4.506952210097132,0,0,21.153360452272977,0.01468983364741179,"insulin, pump",17.314883154312504,3.943328774828146,18.69865957523608,5714.406978482079,3.9683381795014436,5735.560338934351,3.9830280131488554
6,Fredrik,True,True,12.354936666439658,5.26617246062233,5.303103044989833,1.122876365733577,12.354936666439658,1652.2211154948423,1.147375774649196,"insulin, pump",6.365588543269799,5.158094914666339,24.6935926923665,7458.7158583551645,5.17966379052442,9110.936973850006,6.3270395651736155
